sites;Status;Emails trouvés;Réseaux sociaux;Dirigeant trouvé;Source du pattern;Email nominatif généré;Résultat SMTP;Serveur MX;Catch-all;Nb formats testés;Niveau de confiance
https://leman-plage.pausado.com/;;contact@pausado.com, lelemanplage@pausado.com;https://www.facebook.com/CampingsPausado, https://www.facebook.com/campinglelemanplage, https://www.instagram.com/campinglemanplage/, https://www.instagram.com/campings.pausado;;email nominatif déjà trouvé sur le site (format non identifié);;;;;0;
https://lelieu-dordogne.fr/;;contact@internet-dordogne.com;https://www.facebook.com/people/Camping-Le-Lieu-Saint-Jory-De-Chalais/61558705690302/, https://www.instagram.com/lelieu_dordogne/;Julien DELCROIX;dirigeant trouvé via SIREN 984916288 (API recherche-entreprises.api.gouv.fr);julien.delcroix@internet-dordogne.com;Aucun format validé par SMTP;mx3.ovh.net;Non;8;Très faible
http://www.aubonniere.com/;;;;;;;;;;0;
https://le-luberon.pausado.com/;;contact@pausado.com, leluberon@pausado.com;https://www.facebook.com/CampingsPausado, https://www.facebook.com/leluberoncamping, https://www.instagram.com/campingleluberon/, https://www.instagram.com/campings.pausado;;email nominatif déjà trouvé sur le site (format non identifié);;;;;0;
https://campinglelustou65.e-monsite.com/;;;;;;;;;;0;
http://www.campingleluy.com/;;;"https://facebook.com/1139503062824188, https://facebook.com/131094980407886, https://facebook.com/272090059600073, https://facebook.com/2792765170771286, https://facebook.com/367885149982880, https://facebook.com/402088619886526, https://facebook.com/463483703731359, https://facebook.com/488946304504313, https://facebook.com/510612032313477, https://facebook.com/537173129637861, https://facebook.com/547013245362466, https://facebook.com/664788546874687, https://facebook.com/686319094777559, https://facebook.com/702073209931095, https://facebook.com/8339301972763697, https://www.facebook.com/702073209931095/posts/1584235920061436, https://www.facebook.com/702073209931095/posts/1604151751403186, https://www.facebook.com/702073209931095/posts/1607993761018985, https://www.facebook.com/702073209931095/posts/1609326327552395, https://www.facebook.com/702073209931095_1584235920061436, https://www.facebook.com/702073209931095_1597686595383035, https://www.facebook.com/702073209931095_1598065068678521, https://www.facebook.com/702073209931095_1604151751403186, https://www.facebook.com/702073209931095_1607993761018985, https://www.facebook.com/702073209931095_1609326327552395, https://www.facebook.com/CampingLeLuy?locale=fr_FR, https://www.facebook.com/photo.php?fbid=1597686508716377&amp;set=a.761530838998619&amp;type=3, https://www.facebook.com/photo.php?fbid=1598064205345274&amp;set=a.761530838998619&amp;type=3, https://www.facebook.com/sharer/sharer.php?u=https%3A%2F%2Fwww.facebook.com%2F702073209931095_1584235920061436, https://www.facebook.com/sharer/sharer.php?u=https%3A%2F%2Fwww.facebook.com%2F702073209931095_1597686595383035, https://www.facebook.com/sharer/sharer.php?u=https%3A%2F%2Fwww.facebook.com%2F702073209931095_1598065068678521, https://www.facebook.com/sharer/sharer.php?u=https%3A%2F%2Fwww.facebook.com%2F702073209931095_1604151751403186, https://www.facebook.com/sharer/sharer.php?u=https%3A%2F%2Fwww.facebook.com%2F702073209931095_1607993761018985, https://www.facebook.com/sharer/sharer.php?u=https%3A%2F%2Fwww.facebook.com%2F702073209931095_1609326327552395";;;;;;;0;
http://www.masdelinde.com/;;;https://www.facebook.com/lemasdelinde, https://www.facebook.com/lemasdelinde?fref=ts;;;;;;;0;
https://www.masdesroses.com/fr/;;;https://www.facebook.com/campinglemasdesroses/, https://www.instagram.com/camping_masdesroses/;;;;;;;0;
https://www.campinglemat.com/;;lemat@campinglemat.com;https://www.instagram.com/camping_le_mat/;;email nominatif déjà trouvé sur le site (format non identifié);;;;;0;
https://www.camping-lemergnecois.fr/;;;;;;;;;;0;
http://www.campinglemerin.com/;;;http://www.facebook.com/sharer/sharer.php?u=https%3A%2F%2Fwww.campinglemerin.com;;;;;;;0;
https://www.camping-dordogne-moulindepaulhiac.com/?utm_source=google&utm_medium=organic&utm_campaign=gbp;;;https://www.facebook.com/lemoulindepaulhiac, https://www.instagram.com/moulindepaulhiac/;;;;;;;0;
http://www.campingmoulinderambourg.com/;;;https://www.facebook.com/Camping-le-Moulin-de-Rambourg-638435736179644, https://www.facebook.com/adcomvendee;;;;;;;0;
https://campinglemousserein.com/;;;;;;;;;;0;
https://mon.camping.free.fr/?utm_source=gmb;;;;;;;;;;0;
https://www.palaisdelamer.com/;;;https://www.facebook.com/campinglepalaisdelamer, https://www.facebook.com/campinglepalaisdelamer/, https://www.facebook.com/sharer/sharer.php?app_id=776730922422337&u=https%3A%2F%2Fwww.facebook.com%2Fcampinglepalaisdelamer%2F&display=popup&ref=plugin&src=page;;;;;;;0;
http://www.camping-le-panoramic.com/;;;https://www.facebook.com/pages/camping-le-panoramic-lac-dannecy-haute-savoie/219455978083130;;;;;;;0;
https://www.campingcorny.com/;;;;;;;;;;0;
https://parcdelabastide.com/;;;https://www.facebook.com/profile.php?id=61576324415902, https://www.instagram.com/camping_parc_bastide/;;;;;;;0;
http://camping-parcdugue.com/;;;;;;;;;;0;
https://www.camping-lepessac.com/;;info@camping-lepessac.com;https://www.facebook.com/campinglepessac?ref=hl, https://www.instagram.com/campinglepessac/;Florence AUVRAY;dirigeant trouvé via SIREN 834439986 (API recherche-entreprises.api.gouv.fr);florence.auvray@camping-lepessac.com;Aucun format validé par SMTP;mx1.ovh.net;Non;8;Très faible
http://www.campinglepetitboiscantal.fr/;;;;;;;;;;0;
https://www.camping-chatel-censoir.fr/;;;;;;;;;;0;
http://www.lepong.com/;;;;;;;;;;0;
http://www.camping-lepontrouge.com/;;;;;;;;;;0;
https://camping-saint-benoit-sur-loire.fr/;;;https://www.facebook.com/Onlycamp/, https://www.instagram.com/campingonlycamp/;;;;;;;0;
http://www.camping-leportdelacombe.com/;;;https://www.facebook.com/12300Flagnac/;;;;;;;0;
https://anjousportnature.com/camping/;;;https://www.facebook.com/AnjouSportNature/, https://www.instagram.com/anjousportnature/;;;;;;;0;
https://www.camping-lepoteau.com/;;contact@camping-lepoteau.com;https://www.facebook.com/Camping-Le-Poteau-242910122933645/;;;;;;;0;
http://www.campingleprejoly.fr/;;;https://www.facebook.com/Campingleprejolyofficiel/?ref=settings, https://www.instagram.com/campingleprejoly/;;;;;;;0;
https://ventemobilhome.fr/;;;https://www.facebook.com/people/Camping-Le-Proven%C3%A7al/100095392250587/, https://www.instagram.com/camping_le_provencal_83470/;;;;;;;0;
http://www.camping-leranch.com/;;;https://www.facebook.com/Camping.Restaurant.LeRanch/, https://www.instagram.com/camping.le.ranch/;;;;;;;0;
http://camping.holving.fr/;;contact-camping@holving.fr;;;email nominatif déjà trouvé sur le site (prenom-nom);;;;;0;
https://le-relais-du-leman.pausado.com/;;contact@pausado.com, lerelaisduleman@pausado.com;https://www.facebook.com/CampingsPausado, https://www.facebook.com/campingrelaisduleman, https://www.instagram.com/campingrelaisduleman, https://www.instagram.com/campingrelaisduleman/, https://www.instagram.com/campings.pausado;;email nominatif déjà trouvé sur le site (format non identifié);;;;;0;
https://www.camping-le-repaire.fr/;;contact@camping-le-repaire.fr;;Aurelien FOUCHAULT;dirigeant trouvé via SIREN 794001586 (API recherche-entreprises.api.gouv.fr);aurelien.fouchault@camping-le-repaire.fr;Aucun format validé par SMTP;mx00.ionos.fr;Non;8;Très faible
http://www.camping-auvergne-france.com/;;info@campingmurol.com;https://www.facebook.com/Camping-le-repos-du-baladin-1035171926499651/, https://www.instagram.com/campingreposdubaladin/;;;;;;;0;
https://www.camping-leroc.com/;;;https://www.facebook.com/people/Camping-le-Roc/61556069922596/, https://www.instagram.com/camping_le_roc/;;;;;;;0;
http://campinglesafary.fr/;;;;;;;;;;0;
http://campingitesriomcantal.com/;;;https://www.facebook.com/profile.php?id=100067108630371;;;;;;;0;
http://www.le-sous-bois.fr/;;;https://www.facebook.com/lesousboisardeche/, https://www.instagram.com/lesousbois07/;;;;;;;0;
http://www.letarteron.fr/;;contact@letarteron.fr;https://facebook.com/Camping-Le-Tarteron-1438386226463932, https://www.facebook.com/Camping-Le-Tarteron-1438386226463932/?ref=bookmarks, https://www.instagram.com/camping_le_tarteron/?fbclid=IwY2xjawI85SdleHRuA2FlbQIxMAABHbAwrxZGMeTWcvkkJ84fbd1PP-CZ7QcefM95R7164cqgB3tCgFBgDY2zhg_aem_v7DU8eND0P3yUQN7QJjwWg;Alexandre BOUTON;dirigeant trouvé via SIREN 481195410 (API recherche-entreprises.api.gouv.fr);alexandre.bouton@letarteron.fr;Aucun format validé par SMTP;mx01.ionos.fr;Non;8;Très faible
https://www.campinglevagabond.fr/;;;https://www.facebook.com/profile.php?id=100090299272699;;;;;;;0;
http://www.campinglethouet.com/;;;;;;;;;;0;
https://www.chalet-aspe.com/;;;https://www.facebook.com/people/Le-val-du-gave-daspe/61556922800423/;;;;;;;0;
http://www.cantalcamping.fr/;;;https://www.facebook.com/profile.php?id=100091566221750, https://www.instagram.com/valsaintjeanmauriac/;;;;;;;0;
https://www.camping-chezery.fr/;;contact@camping-valserine.com;https://www.facebook.com/ecocampinglevalserine/;;;;;;;0;
https://campingsiaugues.wixsite.com/camping-siaugues;;;https://www.facebook.com/camping.siauguesstemarie;;;;;;;0;
http://www.campingleverger.com/;;;;;;;;;;0;
https://www.levieuxport.com/fr?utm_source=google&utm_medium=organic;;;https://www.facebook.com/levieuxport40, https://www.instagram.com/campinglevieuxport/;;;;;;;0;
http://www.camping-viginet.com/;;;https://www.facebook.com/CampingLeViginet/?locale=fr_CA;;;;;;;0;
